1,Hodge,Habergham,hhabergham0@shutterfly.com,Male,170.32.102.127
2,Elianore,Tarbatt,etarbatt1@msn.com,Female,187.197.235.3
3,Kirby,Rysom,krysom2@cbsnews.com,Male,178.33.232.219
4,Ermin,Sheahan,esheahan3@msn.com,Male,136.2.31.212
5,Odelle,Cobden,ocobden4@cam.ac.uk,Female,120.201.98.161
6,Hayyim,Flori,hflori5@mlb.com,Male,63.231.244.138
7,Hakim,Longmaid,hlongmaid6@reddit.com,Male,139.215.98.102
8,Libby,Reddlesden,lreddlesden7@prweb.com,Female,223.106.73.171
9,Sande,Desseine,sdesseine8@desdev.cn,Female,212.0.98.217
10,Beulah,Lonie,blonie9@prweb.com,Female,220.124.59.206
11,Ado,Calbrathe,acalbrathea@japanpost.jp,Male,17.219.180.12
12,Chrotoem,Abriani,cabrianib@imageshack.us,Male,9.116.241.246
13,Briana,Letrange,bletrangec@techcrunch.com,Female,220.67.122.40
14,Roldan,Heskin,rheskind@comcast.net,Male,176.31.234.6
15,Jeramie,Pencott,jpencotte@army.mil,Male,155.28.92.205
16,Howard,Bony,hbonyf@privacy.gov.au,Male,200.205.166.31
17,Nicol,Kneeland,nkneelandg@blogs.com,Male,173.31.92.186
18,Inger,Hindshaw,ihindshawh@mlb.com,Male,7.115.160.251
19,Gil,Pochin,gpochini@chron.com,Male,43.0.116.197
20,Peria,Iwanczyk,piwanczykj@t-online.de,Female,170.22.245.103
21,Morgen,Dobbson,mdobbsonk@sogou.com,Female,207.86.194.43
22,Clemente,Brusin,cbrusinl@bigcartel.com,Male,141.251.177.3
23,Bowie,Riccard,briccardm@mapy.cz,Male,238.191.145.126
24,Phylis,Colliar,pcolliarn@discovery.com,Female,182.101.239.169
25,Lorrin,Kmicicki,lkmicickio@squidoo.com,Female,70.77.96.208
26,Pansy,Boatman,pboatmanp@etsy.com,Female,123.119.40.127
27,Bret,Galland,bgallandq@slashdot.org,Male,97.23.236.7
28,Muffin,Villaron,mvillaronr@buzzfeed.com,Male,1.109.183.126
29,Kirbee,Lahy,klahys@printfriendly.com,Female,99.123.197.79
30,Lucina,Edmands,ledmandst@tamu.edu,Female,125.122.149.117
31,Allen,Jakubovics,ajakubovicsu@wordpress.com,Male,102.43.216.254
32,Sanderson,Falkus,sfalkusv@mayoclinic.com,Male,31.88.73.197
33,Fitzgerald,Keighley,fkeighleyw@adobe.com,Male,1.171.249.207
34,Nicola,Berisford,nberisfordx@youtube.com,Female,183.196.49.205
35,Torrey,Pigden,tpigdeny@scribd.com,Male,80.163.69.236
36,Starlene,Lotterington,slotteringtonz@alibaba.com,Female,202.15.94.24
37,Roma,Oxbe,roxbe10@blogspot.com,Male,90.0.145.24
38,Free,Kisbey,fkisbey11@linkedin.com,Male,223.44.240.251
39,Bethany,Klageman,bklageman12@webs.com,Female,129.204.204.81
40,Adaline,Lubeck,alubeck13@spiegel.de,Female,223.39.212.41
41,Gareth,McCaughan,gmccaughan14@cyberchimps.com,Male,249.178.236.99
42,Alard,Duffell,aduffell15@t.co,Male,33.15.94.52
43,Kurtis,Giddings,kgiddings16@wisc.edu,Male,166.86.201.15
44,Conn,Prott,cprott17@domainmarket.com,Male,1.97.178.200
45,Jourdan,Genery,jgenery18@yahoo.com,Female,16.242.94.123
46,Haven,Boothby,hboothby19@surveymonkey.com,Male,202.106.68.203
47,Marcie,Shory,mshory1a@posterous.com,Female,45.199.163.133
48,Dougy,Blew,dblew1b@cyberchimps.com,Male,107.2.192.167
49,Elmira,Malicki,emalicki1c@123-reg.co.uk,Female,61.28.163.30
50,Humbert,Labrenz,hlabrenz1d@scribd.com,Male,47.101.183.72
51,Carree,Ishak,cishak1e@uol.com.br,Female,205.66.84.5
52,Sarena,Snape,ssnape1f@vkontakte.ru,Female,155.209.144.185
53,Sylvan,Iorillo,siorillo1g@blogs.com,Male,247.185.181.108
54,Johny,Oby,joby1h@prweb.com,Male,135.28.74.254
55,Bartholemy,Josilevich,bjosilevich1i@printfriendly.com,Male,9.254.214.162
56,Bertina,Spragg,bspragg1j@macromedia.com,Female,208.189.8.101
57,Elwin,Sines,esines1k@desdev.cn,Male,234.163.222.106
58,Rufus,Mariault,rmariault1l@patch.com,Male,254.186.13.41
59,Alvina,Abrahams,aabrahams1m@booking.com,Female,96.31.51.96
60,Care,Couldwell,ccouldwell1n@list-manage.com,Male,96.163.52.227
61,Kaycee,Christopher,kchristopher1o@lycos.com,Female,43.225.119.98
62,Kellsie,Pantridge,kpantridge1p@techcrunch.com,Female,48.244.4.100
63,Patrica,Adrianello,padrianello1q@howstuffworks.com,Female,150.246.25.163
64,Owen,Pavlovic,opavlovic1r@clickbank.net,Male,222.247.184.252
65,Kristian,Skepper,kskepper1s@hud.gov,Male,97.232.7.54
66,Dayle,Milbourn,dmilbourn1t@taobao.com,Female,72.34.64.195
67,Coriss,Chipps,cchipps1u@comsenz.com,Female,251.151.243.105
68,Lib,Dumke,ldumke1v@newyorker.com,Female,248.78.116.115
69,Sargent,Salasar,ssalasar1w@plala.or.jp,Male,142.38.159.0
70,Huntington,Itzkovitch,hitzkovitch1x@rediff.com,Male,50.89.18.54
71,Leoine,Stanlake,lstanlake1y@utexas.edu,Female,210.233.209.37
72,Chick,Seel,cseel1z@ebay.co.uk,Male,32.136.110.251
73,Persis,Peagrim,ppeagrim20@ow.ly,Female,198.233.219.74
74,Allin,Caddies,acaddies21@usa.gov,Male,14.98.62.249
75,Leora,Esilmon,lesilmon22@ustream.tv,Female,250.205.131.146
76,Curry,Wolsey,cwolsey23@gmpg.org,Male,202.255.139.33
77,Henderson,Brightman,hbrightman24@reuters.com,Male,248.31.251.212
78,Danica,Thomerson,dthomerson25@sciencedaily.com,Female,158.239.87.231
79,Kris,Alvarado,kalvarado26@cbsnews.com,Female,223.222.3.191
80,Ulric,Churching,uchurching27@oaic.gov.au,Male,61.119.101.79
81,Manny,Mallabon,mmallabon28@sohu.com,Male,220.225.100.197
82,Saunder,Coper,scoper29@soup.io,Male,1.225.221.206
83,Chelsae,Nelm,cnelm2a@china.com.cn,Female,39.4.61.40
84,Alair,Guislin,aguislin2b@vimeo.com,Male,234.255.116.245
85,Janette,Venediktov,jvenediktov2c@is.gd,Female,15.214.79.65
86,Stuart,Fabri,sfabri2d@blog.com,Male,253.65.219.120
87,Annabela,Armatage,aarmatage2e@wunderground.com,Female,122.151.12.244
88,Jaquelyn,Bovingdon,jbovingdon2f@odnoklassniki.ru,Female,229.201.38.92
89,Rocky,Houseago,rhouseago2g@stanford.edu,Male,54.209.79.152
90,Barbee,Bruinsma,bbruinsma2h@ucsd.edu,Female,59.254.190.126
91,Gasparo,Haly,ghaly2i@usda.gov,Male,12.202.80.157
92,Marietta,Joust,mjoust2j@example.com,Male,69.5.246.84
93,Hugo,Leguay,hleguay2k@ca.gov,Male,63.114.176.89
94,Shellie,Manton,smanton2l@guardian.co.uk,Female,253.165.14.168
95,Kirby,Buesden,kbuesden2m@nhs.uk,Male,161.27.203.246
96,James,Bullas,jbullas2n@time.com,Male,105.195.179.163
97,Ellwood,Duffan,eduffan2o@wp.com,Male,86.208.192.102
98,Ginger,McCoole,gmccoole2p@mapquest.com,Female,233.117.227.214
99,Cris,Bercevelo,cbercevelo2q@ebay.com,Male,189.41.41.56
100,Elene,Philipet,ephilipet2r@wikimedia.org,Female,158.40.138.50
101,Gallagher,Kahan,gkahan2s@1und1.de,Male,147.172.164.80
102,Pail,Lockie,plockie2t@wordpress.org,Male,229.211.173.216
103,Peadar,Earney,pearney2u@bigcartel.com,Male,108.27.143.115
104,Em,Pulford,epulford2v@instagram.com,Male,239.170.219.170
105,Bathsheba,Celes,bceles2w@msu.edu,Female,189.64.64.227
106,Leora,Nelson,lnelson2x@bandcamp.com,Female,218.111.101.178
107,Vlad,Zoane,vzoane2y@google.ru,Male,225.76.182.32
108,Halli,Kinforth,hkinforth2z@samsung.com,Female,157.222.215.199
109,Ruthi,Galton,rgalton30@imageshack.us,Female,206.191.176.182
110,Herman,Jeenes,hjeenes31@mapy.cz,Male,224.247.90.169
111,Farr,Carvilla,fcarvilla32@xinhuanet.com,Male,82.253.219.68
112,Austen,Toffaloni,atoffaloni33@google.com.au,Male,164.44.185.245
113,Janette,Eadmead,jeadmead34@imgur.com,Female,120.196.102.146
114,Mervin,Fruish,mfruish35@blog.com,Male,227.223.119.145
115,Harlan,Schubuser,hschubuser36@unesco.org,Male,138.19.194.119
116,Kennith,Toby,ktoby37@cloudflare.com,Male,18.228.191.36
117,Arron,Eliasen,aeliasen38@geocities.com,Male,87.134.104.145
118,Sadie,Lindback,slindback39@miibeian.gov.cn,Female,237.110.35.35
119,Laurella,Toxell,ltoxell3a@people.com.cn,Female,111.53.32.243
120,Joane,Coates,jcoates3b@cbsnews.com,Female,10.207.31.100
121,Shawn,Ferry,sferry3c@godaddy.com,Female,199.241.150.203
122,Nickola,Wraighte,nwraighte3d@etsy.com,Male,100.89.74.131
123,Inglis,Chatan,ichatan3e@dailymotion.com,Male,215.172.101.116
124,Amabel,Vanyukhin,avanyukhin3f@linkedin.com,Female,217.59.136.196
125,Berke,Hendrikse,bhendrikse3g@cisco.com,Male,92.81.196.77
126,Mahala,Finey,mfiney3h@goo.ne.jp,Female,179.86.238.137
127,Dru,Guthrie,dguthrie3i@businesswire.com,Male,152.76.224.224
128,Maurie,Wakely,mwakely3j@booking.com,Male,128.134.239.197
129,Vyky,Rossborough,vrossborough3k@independent.co.uk,Female,97.157.228.163
130,Celie,Shirtcliffe,cshirtcliffe3l@eventbrite.com,Female,28.177.211.134
131,Mano,Carstairs,mcarstairs3m@hp.com,Male,56.139.7.52
132,Gauthier,Allone,gallone3n@webeden.co.uk,Male,3.110.124.150
133,Merlina,Boness,mboness3o@w3.org,Female,5.82.80.165
134,Gabe,Roote,groote3p@ibm.com,Male,178.220.221.160
135,Jehu,Battle,jbattle3q@wp.com,Male,97.107.177.188
136,Constanta,Hearthfield,chearthfield3r@cisco.com,Female,29.2.127.102
137,Christina,Tollit,ctollit3s@plala.or.jp,Female,106.158.165.76
138,Patrizius,Michie,pmichie3t@twitter.com,Male,75.142.67.71
139,Aida,Ziemen,aziemen3u@purevolume.com,Female,170.233.151.215
140,Haywood,Bruckman,hbruckman3v@amazon.co.jp,Male,0.114.250.166
141,Nataline,Lygo,nlygo3w@godaddy.com,Female,90.13.179.153
142,Hilario,Rosenwasser,hrosenwasser3x@youtube.com,Male,121.13.254.148
143,Franchot,O'Scanlon,foscanlon3y@weebly.com,Male,44.87.177.40
144,Dare,Bugge,dbugge3z@mozilla.org,Male,56.155.115.245
145,Ozzie,Yarham,oyarham40@dagondesign.com,Male,137.57.48.128
146,Lemmy,Luipold,lluipold41@spotify.com,Male,141.152.68.24
147,Dasya,Weale,dweale42@opera.com,Female,54.212.17.133
148,Steffi,McNish,smcnish43@psu.edu,Female,146.88.104.105
149,Beverie,Pearsall,bpearsall44@dagondesign.com,Female,124.59.192.174
150,Jeannie,Mendenhall,jmendenhall45@gov.uk,Female,21.90.163.130
151,Dacey,Habert,dhabert46@skype.com,Female,44.199.201.151
152,Brody,Cristobal,bcristobal47@sciencedirect.com,Male,122.23.127.162
153,Jeffry,Goffe,jgoffe48@jiathis.com,Male,235.100.76.51
154,Paolina,Splaven,psplaven49@chron.com,Female,237.6.222.198
155,Sheilah,Wolters,swolters4a@vimeo.com,Female,11.233.170.210
156,Pet,Paybody,ppaybody4b@cmu.edu,Female,196.228.116.215
157,Ottilie,Galero,ogalero4c@google.ca,Female,140.225.137.16
158,Timmie,Forrington,tforrington4d@geocities.jp,Female,21.103.25.128
159,Elenore,Peacham,epeacham4e@ow.ly,Female,250.219.33.234
160,Fraser,Addams,faddams4f@hud.gov,Male,44.147.134.204
161,Filberto,Tremouille,ftremouille4g@patch.com,Male,50.58.20.59
162,Harv,Wollers,hwollers4h@fotki.com,Male,84.223.81.185
163,Bernita,Rainbird,brainbird4i@liveinternet.ru,Female,142.145.247.157
164,Todd,Matzeitis,tmatzeitis4j@hc360.com,Male,180.131.184.117
165,Pablo,Elphey,pelphey4k@xrea.com,Male,90.29.117.245
166,Say,O'Lennachain,solennachain4l@dagondesign.com,Male,35.167.219.89
167,Freddie,Spirit,fspirit4m@unesco.org,Male,160.94.198.250
168,Dodi,Stubbley,dstubbley4n@sun.com,Female,199.99.230.199
169,Jami,Sime,jsime4o@fc2.com,Female,152.160.55.22
170,Joan,Conti,jconti4p@meetup.com,Female,204.156.42.86
171,Angelica,Dingley,adingley4q@europa.eu,Female,244.148.246.205
172,Pennie,Jiroutek,pjiroutek4r@163.com,Female,51.172.186.52
173,Gerti,Dyet,gdyet4s@lycos.com,Female,218.57.13.72
174,Marinna,Russam,mrussam4t@springer.com,Female,90.211.99.6
175,Dorette,Penketh,dpenketh4u@g.co,Female,193.139.56.33
176,Deidre,Bridgstock,dbridgstock4v@purevolume.com,Female,72.102.141.34
177,Ricki,Grose,rgrose4w@rambler.ru,Female,69.200.190.159
178,Erica,Dockrell,edockrell4x@google.com.au,Female,141.239.232.134
179,Leopold,Ridulfo,lridulfo4y@hubpages.com,Male,46.201.178.199
180,Corrianne,Geal,cgeal4z@engadget.com,Female,8.73.185.204
181,Lyle,Loble,lloble50@netvibes.com,Male,79.218.252.157
182,Corney,Luchelli,cluchelli51@privacy.gov.au,Male,204.124.136.229
183,Morgan,Barber,mbarber52@dmoz.org,Female,236.148.202.122
184,Averell,Merveille,amerveille53@nydailynews.com,Male,178.31.0.223
185,Gilbert,Luthwood,gluthwood54@fda.gov,Male,147.217.123.249
186,Ellsworth,Ortiga,eortiga55@cornell.edu,Male,206.220.227.240
187,Vernen,Scoggan,vscoggan56@jimdo.com,Male,235.135.236.156
188,Meghann,Earp,mearp57@is.gd,Female,172.244.128.197
189,Verile,Friese,vfriese58@salon.com,Female,240.187.176.193
190,Larine,Davall,ldavall59@whitehouse.gov,Female,57.14.193.2
191,Ugo,Ector,uector5a@mapquest.com,Male,199.20.204.185
192,Herminia,Normavell,hnormavell5b@merriam-webster.com,Female,75.162.85.87
193,Iggy,Blackater,iblackater5c@phpbb.com,Male,21.136.101.77
194,Darrelle,Refford,drefford5d@google.com.au,Female,112.57.171.25
195,Farr,Jepperson,fjepperson5e@businesswire.com,Male,184.65.237.128
196,Herman,Stent,hstent5f@cisco.com,Male,40.98.128.136
197,Audrey,Tebbut,atebbut5g@blogspot.com,Female,90.32.134.30
198,Boycey,McGowran,bmcgowran5h@t-online.de,Male,28.155.115.101
199,Gregor,Dalrymple,gdalrymple5i@google.fr,Male,181.136.43.205
200,Lianna,Dyche,ldyche5j@ox.ac.uk,Female,21.72.209.157
201,Bernadene,Kewish,bkewish5k@w3.org,Female,95.44.156.222
202,Laney,Jimes,ljimes5l@oracle.com,Male,45.239.175.225
203,Joelle,Coghlan,jcoghlan5m@domainmarket.com,Female,226.131.100.78
204,Juliane,Watterson,jwatterson5n@china.com.cn,Female,184.136.113.62
205,Hastings,Screen,hscreen5o@histats.com,Male,9.183.154.31
206,Thomasina,Garn,tgarn5p@artisteer.com,Female,0.70.10.139
207,Felice,Kondratenya,fkondratenya5q@reverbnation.com,Male,13.147.82.177
208,Evelyn,Maffioletti,emaffioletti5r@icio.us,Female,39.113.14.90
209,Filippa,Goede,fgoede5s@newsvine.com,Female,24.127.233.100
210,Kacy,Gooderham,kgooderham5t@cloudflare.com,Female,99.157.26.244
211,Joelynn,Spurr,jspurr5u@pbs.org,Female,208.114.249.218
212,Ramon,Whitlow,rwhitlow5v@shareasale.com,Male,144.94.71.222
213,Woodrow,Godman,wgodman5w@wired.com,Male,147.114.43.59
214,Sayer,Keirl,skeirl5x@hubpages.com,Male,53.5.181.222
215,Sharyl,Burrill,sburrill5y@desdev.cn,Female,100.72.17.9
216,Cecil,Ronaldson,cronaldson5z@dot.gov,Female,58.98.193.251
217,Edouard,Janiszewski,ejaniszewski60@ask.com,Male,205.190.123.233
218,Georgianna,Ryland,gryland61@pbs.org,Female,252.145.254.193
219,Emalia,Fullard,efullard62@de.vu,Female,127.158.19.72
220,Karleen,MacCartney,kmaccartney63@noaa.gov,Female,161.123.177.67
221,Gratia,Colchett,gcolchett64@sfgate.com,Female,240.178.65.95
222,Inger,Wayland,iwayland65@google.ru,Female,190.19.0.184
223,Zacherie,Hakonsson,zhakonsson66@networkadvertising.org,Male,19.94.148.101
224,Yancy,Tetley,ytetley67@google.pl,Male,51.149.116.179
225,Gay,Postians,gpostians68@sina.com.cn,Female,119.194.129.172
226,Nico,Godthaab,ngodthaab69@taobao.com,Male,22.222.239.157
227,Raul,Lilford,rlilford6a@macromedia.com,Male,35.150.55.101
228,Benn,Penlington,bpenlington6b@wikimedia.org,Male,67.244.90.236
229,Marsh,Taynton,mtaynton6c@newyorker.com,Male,243.185.49.151
230,Mireielle,Hanburry,mhanburry6d@wiley.com,Female,80.206.60.161
231,Lazar,Schukraft,lschukraft6e@blogspot.com,Male,15.99.71.136
232,Erie,Scholard,escholard6f@census.gov,Male,109.143.192.10
233,Sigismund,Croneen,scroneen6g@sbwire.com,Male,227.234.55.227
234,Giacomo,Pickhaver,gpickhaver6h@gravatar.com,Male,123.23.230.129
235,Madelina,Bernardon,mbernardon6i@yolasite.com,Female,84.229.207.67
236,Nanice,Edelheit,nedelheit6j@forbes.com,Female,15.229.137.213
237,Silas,Luxford,sluxford6k@bbc.co.uk,Male,169.95.78.60
238,Kelly,Chasson,kchasson6l@bizjournals.com,Male,121.179.70.13
239,Aurlie,Mulqueen,amulqueen6m@myspace.com,Female,173.173.23.149
240,Virginie,Smedmoor,vsmedmoor6n@house.gov,Female,1.133.236.135
241,Patrizio,Brocks,pbrocks6o@tripadvisor.com,Male,185.76.230.198
242,Constance,Rowe,crowe6p@discovery.com,Female,176.94.248.39
243,Danita,Wedgbrow,dwedgbrow6q@desdev.cn,Female,85.119.207.88
244,Margot,McCallam,mmccallam6r@nydailynews.com,Female,39.75.142.224
245,Jacquelyn,Brudenell,jbrudenell6s@usgs.gov,Female,225.84.70.95
246,Dede,Caldron,dcaldron6t@google.co.uk,Female,112.170.70.210
247,Madelene,Zamorrano,mzamorrano6u@yellowpages.com,Female,27.225.227.186
248,Charmian,Dodimead,cdodimead6v@feedburner.com,Female,17.154.222.24
249,Phillipe,Maneylaws,pmaneylaws6w@slashdot.org,Male,72.73.137.176
250,Bernie,Bernaldez,bbernaldez6x@naver.com,Male,108.107.197.188
251,Rodney,Fruish,rfruish6y@nymag.com,Male,39.184.47.130
252,Wells,Christie,wchristie6z@dagondesign.com,Male,133.181.134.193
253,Kevan,Philcott,kphilcott70@technorati.com,Male,207.109.63.147
254,Town,Keble,tkeble71@yellowbook.com,Male,188.150.197.153
255,Ingelbert,Arnaldo,iarnaldo72@angelfire.com,Male,255.217.174.1
256,Rodrique,Schoroder,rschoroder73@google.com,Male,170.108.169.123
257,Dun,Adenet,dadenet74@cisco.com,Male,224.210.106.74
258,Marcelia,Graham,mgraham75@bandcamp.com,Female,214.99.199.158
259,Shir,Constantinou,sconstantinou76@stumbleupon.com,Female,172.242.128.36
260,Sheeree,Decourt,sdecourt77@hao123.com,Female,196.165.36.60
261,Bobbie,Rosencwaig,brosencwaig78@bravesites.com,Male,49.127.58.89
262,Michaela,Brockest,mbrockest79@ovh.net,Female,224.38.28.69
263,Rozele,Punshon,rpunshon7a@newyorker.com,Female,163.31.26.30
264,Sonya,Berni,sberni7b@guardian.co.uk,Female,221.170.70.250
265,Brennen,Isenor,bisenor7c@hhs.gov,Male,197.179.33.79
266,Eziechiele,Tuhy,etuhy7d@time.com,Male,161.154.102.215
267,Tarrance,Duckhouse,tduckhouse7e@purevolume.com,Male,248.78.51.212
268,Lizabeth,Wilkowski,lwilkowski7f@geocities.com,Female,20.92.255.25
269,Henryetta,Cairns,hcairns7g@yellowpages.com,Female,210.36.22.165
270,Padraic,Beverage,pbeverage7h@wikispaces.com,Male,203.210.162.241
271,Gay,Howse,ghowse7i@google.com.au,Female,34.9.119.166
272,Lurleen,Chason,lchason7j@comsenz.com,Female,225.152.234.255
273,Lulita,Mariotte,lmariotte7k@java.com,Female,182.22.17.227
274,Lisette,Gherardi,lgherardi7l@networkadvertising.org,Female,125.176.253.76
275,Rafaela,Cahn,rcahn7m@netscape.com,Female,68.131.192.96
276,Rudolph,Finessy,rfinessy7n@washingtonpost.com,Male,239.196.0.190
277,Karlotte,Ladyman,kladyman7o@scribd.com,Female,215.20.120.42
278,Tilda,Cristofari,tcristofari7p@wunderground.com,Female,85.115.52.241
279,Arri,McLarens,amclarens7q@edublogs.org,Male,219.254.12.162
280,Hale,Carrabott,hcarrabott7r@cisco.com,Male,144.230.184.116
281,Nester,Pingstone,npingstone7s@google.pl,Male,255.60.0.19
282,Tanhya,Hambly,thambly7t@odnoklassniki.ru,Female,119.46.102.254
283,Valerye,O'Duane,voduane7u@imageshack.us,Female,41.203.0.220
284,Elonore,Wynett,ewynett7v@about.com,Female,40.63.34.110
285,Gannie,Olczak,golczak7w@alibaba.com,Male,0.171.224.187
286,Regan,Colerick,rcolerick7x@bloomberg.com,Female,55.34.181.141
287,Delphine,Edgcombe,dedgcombe7y@prnewswire.com,Female,160.222.65.112
288,Nicol,Mines,nmines7z@fotki.com,Male,115.99.248.55
289,Redd,Brimman,rbrimman80@shinystat.com,Male,186.196.125.63
290,Stavro,Delbergue,sdelbergue81@mail.ru,Male,240.221.184.144
291,Elmo,Grigorey,egrigorey82@macromedia.com,Male,200.31.189.87
292,Spencer,Asman,sasman83@linkedin.com,Male,242.37.34.12
293,Philly,Rooms,prooms84@jimdo.com,Female,173.81.143.31
294,Barrie,Colleer,bcolleer85@dion.ne.jp,Male,3.120.154.55
295,Darius,Spurret,dspurret86@xinhuanet.com,Male,175.133.38.185
296,Alexis,Edowes,aedowes87@salon.com,Female,80.245.119.228
297,Dallas,Bourget,dbourget88@discovery.com,Male,110.112.221.147
298,Donella,Baly,dbaly89@wisc.edu,Female,86.117.84.47
299,Hedda,Askham,haskham8a@zdnet.com,Female,236.188.127.101
300,Leupold,Pitkins,lpitkins8b@businessinsider.com,Male,159.32.154.88
301,Clywd,Redfern,credfern8c@cyberchimps.com,Male,40.167.223.77
302,Murray,Simonard,msimonard8d@lycos.com,Male,90.82.55.130
303,Montgomery,Sherreard,msherreard8e@symantec.com,Male,139.25.84.23
304,Dev,Dewire,ddewire8f@barnesandnoble.com,Male,17.218.55.184
305,Phaedra,Galtone,pgaltone8g@howstuffworks.com,Female,253.146.108.198
306,Carmelle,McDaid,cmcdaid8h@foxnews.com,Female,1.154.81.131
307,Frasco,Dougher,fdougher8i@google.de,Male,128.31.95.246
308,Reade,Fissenden,rfissenden8j@pagesperso-orange.fr,Male,143.135.175.216
309,Parnell,Martyns,pmartyns8k@comsenz.com,Male,36.36.177.255
310,Carree,Fullom,cfullom8l@bbb.org,Female,106.27.127.86
311,Anthea,McPhee,amcphee8m@google.co.uk,Female,207.89.74.64
312,Mildred,Hinkes,mhinkes8n@goodreads.com,Female,4.192.180.65
313,Joscelin,Pace,jpace8o@unc.edu,Female,125.16.4.112
314,Harriett,Binham,hbinham8p@bluehost.com,Female,213.186.107.197
315,Richy,Germann,rgermann8q@joomla.org,Male,29.79.93.28
316,Morten,Keyzman,mkeyzman8r@github.io,Male,250.143.231.69
317,Blakeley,Crockatt,bcrockatt8s@accuweather.com,Female,125.38.145.238
318,Prudence,Greenshields,pgreenshields8t@cnbc.com,Female,79.236.210.170
319,Warren,Leinweber,wleinweber8u@scribd.com,Male,189.132.207.29
320,Paulo,Radclyffe,pradclyffe8v@devhub.com,Male,39.111.112.18
321,Rora,Northin,rnorthin8w@dell.com,Female,214.251.45.217
322,Viva,Burley,vburley8x@google.com.hk,Female,166.242.39.173
323,Kassi,Rodinger,krodinger8y@ehow.com,Female,142.199.255.190
324,Shelton,McLukie,smclukie8z@yellowbook.com,Male,151.126.14.247
325,Winn,Maunton,wmaunton90@ovh.net,Male,7.238.24.131
326,Clevey,Ransome,cransome91@indiatimes.com,Male,105.188.244.194
327,Hyman,Jancar,hjancar92@jugem.jp,Male,28.187.2.36
328,Wilona,Ferenc,wferenc93@gov.uk,Female,236.55.193.238
329,Woodie,Prosek,wprosek94@pinterest.com,Male,249.252.18.205
330,Bay,Kebbell,bkebbell95@prweb.com,Male,236.59.68.237
331,Maureene,Southby,msouthby96@mtv.com,Female,218.130.120.187
332,Laurella,Wilacot,lwilacot97@mozilla.com,Female,144.248.112.189
333,Luci,Seamons,lseamons98@tiny.cc,Female,4.16.138.164
334,Tani,Wimes,twimes99@oaic.gov.au,Female,203.231.206.45
335,Caren,Robelet,crobelet9a@marketwatch.com,Female,242.237.126.131
336,Keven,Jaquet,kjaquet9b@salon.com,Male,238.174.11.78
337,Dov,Dampney,ddampney9c@dmoz.org,Male,110.59.148.159
338,Karoline,Carlill,kcarlill9d@arizona.edu,Female,55.113.148.122
339,Loutitia,Martinuzzi,lmartinuzzi9e@imgur.com,Female,67.112.71.247
340,Rubin,Alldis,ralldis9f@last.fm,Male,180.233.92.73
341,Dacy,Hamson,dhamson9g@gov.uk,Female,32.111.18.180
342,Elsworth,Moorhead,emoorhead9h@cdbaby.com,Male,101.84.142.35
343,Clare,Mahaffey,cmahaffey9i@usatoday.com,Male,142.150.177.74
344,Aimil,Braham,abraham9j@github.io,Female,128.255.61.47
345,Avis,Burford,aburford9k@istockphoto.com,Female,3.86.192.114
346,Lulu,Klampt,lklampt9l@xinhuanet.com,Female,115.156.120.133
347,Beatrix,Bittlestone,bbittlestone9m@prlog.org,Female,54.100.199.52
348,Andee,Hutchin,ahutchin9n@1und1.de,Female,194.253.191.34
349,George,McCoid,gmccoid9o@washington.edu,Female,193.119.28.219
350,Rollin,Vaszoly,rvaszoly9p@ask.com,Male,41.178.204.67
351,Bertrando,Willicott,bwillicott9q@myspace.com,Male,71.157.99.99
352,Beckie,Petrolli,bpetrolli9r@abc.net.au,Female,62.58.96.20
353,Garald,Labbez,glabbez9s@canalblog.com,Male,233.218.49.44
354,Linea,Hutten,lhutten9t@ning.com,Female,222.106.29.74
355,Jeffy,Rolls,jrolls9u@pinterest.com,Male,15.167.25.206
356,Laverna,Ellaman,lellaman9v@zimbio.com,Female,164.132.39.220
357,Norry,Bracher,nbracher9w@bbb.org,Female,182.223.185.61
358,Joyann,O'Riordan,joriordan9x@feedburner.com,Female,69.170.49.31
359,Danica,Dudill,ddudill9y@t.co,Female,5.78.223.71
360,Ileana,Oneal,ioneal9z@i2i.jp,Female,69.177.176.219
361,Jsandye,Mobbs,jmobbsa0@digg.com,Female,193.0.131.23
362,Sigfried,Mathon,smathona1@reverbnation.com,Male,57.17.69.36
363,Arabelle,Tommaseo,atommaseoa2@newsvine.com,Female,171.202.151.254
364,Esra,Barbour,ebarboura3@surveymonkey.com,Male,68.198.155.40
365,Honoria,Swinyard,hswinyarda4@narod.ru,Female,3.96.64.146
366,Albertine,Reditt,areditta5@cbslocal.com,Female,164.157.21.221
367,Lorie,Kilpatrick,lkilpatricka6@dropbox.com,Female,235.172.236.253
368,Moina,Ketteringham,mketteringhama7@a8.net,Female,36.176.79.12
369,Sergeant,Gummow,sgummowa8@spotify.com,Male,95.126.30.70
370,Abby,MacGilpatrick,amacgilpatricka9@imageshack.us,Male,186.18.36.87
371,Jacques,Bees,jbeesaa@cnbc.com,Male,239.215.82.121
372,Keane,Skill,kskillab@blogspot.com,Male,117.153.124.13
373,King,Mirfin,kmirfinac@histats.com,Male,31.11.237.156
374,Waldon,Calbert,wcalbertad@mashable.com,Male,89.247.205.172
375,Gus,Beurich,gbeurichae@merriam-webster.com,Female,216.141.228.201
376,Marguerite,Merwede,mmerwedeaf@arstechnica.com,Female,4.11.252.173
377,Lucita,Leipoldt,lleipoldtag@arizona.edu,Female,124.24.109.78
378,Alla,Bohin,abohinah@unesco.org,Female,84.172.134.163
379,Erv,Fawdery,efawderyai@hao123.com,Male,55.151.248.77
380,Rodolphe,Lenihan,rlenihanaj@webs.com,Male,202.255.32.234
381,Aharon,Eger,aegerak@creativecommons.org,Male,176.6.116.52
382,Becka,Tallent,btallental@flavors.me,Female,68.20.128.163
383,Jerald,Mara,jmaraam@newsvine.com,Male,203.245.95.159
384,Derek,Otto,dottoan@youku.com,Male,230.52.98.196
385,Haskel,Sanham,hsanhamao@economist.com,Male,50.102.22.30
386,Torey,Rosenblum,trosenblumap@ezinearticles.com,Female,145.21.42.223
387,Augustina,Brazelton,abrazeltonaq@taobao.com,Female,148.103.33.137
388,Diann,Mauchlen,dmauchlenar@guardian.co.uk,Female,35.182.140.190
389,Lani,Pedrollo,lpedrolloas@marriott.com,Female,87.130.188.0
390,Arliene,Swendell,aswendellat@deliciousdays.com,Female,217.155.191.69
391,Corrinne,Melbourn,cmelbournau@buzzfeed.com,Female,54.213.80.245
392,Elladine,O'Hoolahan,eohoolahanav@elegantthemes.com,Female,72.246.38.157
393,Blancha,Verheijden,bverheijdenaw@newsvine.com,Female,150.193.106.183
394,Doy,Parratt,dparrattax@unc.edu,Male,143.113.249.18
395,Giulio,Orsman,gorsmanay@businessweek.com,Male,83.154.89.67
396,Thibaut,Hollidge,thollidgeaz@google.co.jp,Male,59.5.174.70
397,Isak,Cullotey,iculloteyb0@vimeo.com,Male,181.22.146.155
398,Desiree,Pre,dpreb1@cam.ac.uk,Female,23.222.13.202
399,Waylin,Dupoy,wdupoyb2@army.mil,Male,129.189.32.250
400,Krishnah,Brushfield,kbrushfieldb3@a8.net,Male,58.71.238.23
401,Rhea,Baruch,rbaruchb4@purevolume.com,Female,72.47.168.70
402,Madison,Carlino,mcarlinob5@businessinsider.com,Male,24.47.171.205
403,Worthy,Crummay,wcrummayb6@who.int,Male,252.175.222.104
404,Steven,Jewar,sjewarb7@xrea.com,Male,19.207.14.155
405,Alfie,Nicolls,anicollsb8@qq.com,Male,251.63.121.44
406,Ebonee,Eickhoff,eeickhoffb9@state.tx.us,Female,46.137.130.190
407,Ruy,Allard,rallardba@google.pl,Male,72.255.38.249
408,Randi,Dawbery,rdawberybb@geocities.com,Male,32.76.173.113
409,Monique,Gaskin,mgaskinbc@cbc.ca,Female,168.153.246.62
410,Vevay,O'Rodane,vorodanebd@businesswire.com,Female,226.147.87.99
411,Giulio,Rizzolo,grizzolobe@youtube.com,Male,124.233.151.21
412,Abigale,Sebrook,asebrookbf@google.cn,Female,194.172.217.101
413,Romy,Littrik,rlittrikbg@biglobe.ne.jp,Female,89.230.15.164
414,Devlin,Calbert,dcalbertbh@virginia.edu,Male,102.60.72.81
415,Grover,Clougher,gclougherbi@google.de,Male,37.165.18.234
416,Chelsie,Crabb,ccrabbbj@abc.net.au,Female,161.20.53.237
417,Andie,Lepard,alepardbk@intel.com,Male,156.35.239.40
418,Tallulah,Rymell,trymellbl@youtube.com,Female,97.131.133.19
419,Loren,Weymouth,lweymouthbm@hud.gov,Female,250.246.137.60
420,Rickey,Paton,rpatonbn@omniture.com,Male,217.80.55.193
421,Derward,Sparham,dsparhambo@hexun.com,Male,140.69.98.199
422,Juline,Sibly,jsiblybp@ed.gov,Female,104.81.130.196
423,Delmor,Smees,dsmeesbq@biglobe.ne.jp,Male,19.82.44.51
424,Kathi,Tewnion,ktewnionbr@odnoklassniki.ru,Female,119.83.56.254
425,Max,Hebdon,mhebdonbs@cisco.com,Male,18.46.97.251
426,Zebulen,Berrington,zberringtonbt@latimes.com,Male,18.49.230.198
427,Theodor,Serotsky,tserotskybu@cmu.edu,Male,39.212.19.141
428,Mozes,Abbati,mabbatibv@usda.gov,Male,5.53.98.122
429,Brig,Barby,bbarbybw@nymag.com,Male,62.96.67.204
430,Lorant,Eliyahu,leliyahubx@msu.edu,Male,60.76.245.44
431,Jerome,Carden,jcardenby@opera.com,Male,154.31.34.90
432,Rosamund,Ethelston,rethelstonbz@kickstarter.com,Female,106.85.46.14
433,Natassia,Hammett,nhammettc0@answers.com,Female,206.115.117.13
434,Flint,Lyptrade,flyptradec1@walmart.com,Male,164.215.203.185
435,Denny,Tadd,dtaddc2@yellowbook.com,Male,242.26.192.198
436,Lotte,Curton,lcurtonc3@cdc.gov,Female,218.109.94.56
437,Elbertine,Say,esayc4@wisc.edu,Female,93.43.41.218
438,Reuben,Rohlfing,rrohlfingc5@arizona.edu,Male,235.122.179.185
439,Haze,Spata,hspatac6@soundcloud.com,Male,128.61.145.208
440,Buddie,Eastes,beastesc7@umn.edu,Male,239.39.120.199
441,Tabbie,Whild,twhildc8@issuu.com,Male,79.105.201.100
442,Cort,Aucutt,caucuttc9@dion.ne.jp,Male,191.14.115.4
443,Bill,Shawe,bshaweca@hexun.com,Female,82.201.81.191
444,Newton,Gloy,ngloycb@google.co.uk,Male,160.41.184.49
445,Vernice,Erskine Sandys,verskinesandyscc@zdnet.com,Female,183.80.195.63
446,Jeffrey,Blaxeland,jblaxelandcd@vinaora.com,Male,32.33.121.185
447,Jesselyn,Rikkard,jrikkardce@ft.com,Female,252.42.21.222
448,Ramonda,Joffe,rjoffecf@flickr.com,Female,235.62.207.39
449,Blake,de Wilde,bdewildecg@accuweather.com,Male,170.235.244.16
450,Jade,Merriman,jmerrimanch@opera.com,Female,207.139.58.226
451,Seamus,Madden,smaddenci@twitter.com,Male,62.90.66.204
452,Adan,Penvarne,apenvarnecj@shutterfly.com,Male,72.51.92.161
453,Forrester,Askwith,faskwithck@comcast.net,Male,229.184.158.31
454,Cassie,Fessions,cfessionscl@instagram.com,Female,41.225.45.103
455,Alyosha,Rove,arovecm@forbes.com,Male,143.171.11.85
456,Quintana,Smythin,qsmythincn@google.ru,Female,76.70.118.166
457,Emilie,Sprowell,esprowellco@archive.org,Female,145.183.61.222
458,Gnni,Rubbens,grubbenscp@admin.ch,Female,94.12.207.103
459,Britt,Dallander,bdallandercq@scientificamerican.com,Male,71.117.1.109
460,Sonia,Stefanovic,sstefanoviccr@addtoany.com,Female,138.212.121.152
461,Fleming,Cortes,fcortescs@webeden.co.uk,Male,106.150.182.73
462,Penny,Aldington,paldingtonct@economist.com,Male,108.212.116.191
463,Dimitri,Leitch,dleitchcu@uol.com.br,Male,9.228.224.157
464,Jacklyn,Stredwick,jstredwickcv@telegraph.co.uk,Female,172.222.222.244
465,Estevan,Shorten,eshortencw@yahoo.co.jp,Male,211.148.158.154
466,Neala,Ingre,ningrecx@diigo.com,Female,171.140.184.185
467,Mathilde,Buttle,mbuttlecy@ning.com,Female,211.45.18.244
468,Richard,Peacham,rpeachamcz@hud.gov,Male,213.255.224.160
469,Harcourt,Cuming,hcumingd0@webnode.com,Male,26.255.241.105
470,Marisa,Ratledge,mratledged1@noaa.gov,Female,130.167.15.139
471,Ralph,Thor,rthord2@gravatar.com,Male,142.104.39.50
472,Julietta,Eggle,jeggled3@indiatimes.com,Female,233.21.149.180
473,Loydie,Gozzard,lgozzardd4@admin.ch,Male,211.16.52.30
474,Ole,Solley,osolleyd5@amazon.com,Male,112.99.218.41
475,Chiquita,Woodham,cwoodhamd6@pcworld.com,Female,209.154.67.138
476,Selma,Kilkenny,skilkennyd7@merriam-webster.com,Female,229.104.7.253
477,Richard,Mate,rmated8@aol.com,Male,40.97.125.220
478,Sullivan,Pirdue,spirdued9@alexa.com,Male,72.18.203.49
479,Ruthe,Marham,rmarhamda@networkadvertising.org,Female,183.152.226.122
480,Norene,Brierly,nbrierlydb@timesonline.co.uk,Female,102.179.116.47
481,Orran,Osman,oosmandc@hc360.com,Male,236.56.80.40
482,Charlean,McGerr,cmcgerrdd@kickstarter.com,Female,127.146.161.249
483,Hercules,Feye,hfeyede@marriott.com,Male,165.246.121.85
484,Thurstan,Giffin,tgiffindf@eepurl.com,Male,113.148.5.80
485,Bordy,Godlee,bgodleedg@people.com.cn,Male,184.48.94.76
486,Benedicto,Hargess,bhargessdh@zdnet.com,Male,246.238.153.121
487,Stanford,Mecchi,smecchidi@mediafire.com,Male,68.108.31.175
488,Elbertina,MacAlister,emacalisterdj@wp.com,Female,35.144.241.127
489,Judah,Roseburgh,jroseburghdk@wix.com,Male,173.113.155.111
490,Wolf,Reichardt,wreichardtdl@phoca.cz,Male,127.133.138.0
491,Charlean,Somers,csomersdm@gov.uk,Female,65.200.255.116
492,Sky,Wisdom,swisdomdn@indiegogo.com,Male,131.207.175.117
493,Jerome,Heberden,jheberdendo@php.net,Male,43.143.28.193
494,Spike,Driuzzi,sdriuzzidp@telegraph.co.uk,Male,186.69.161.208
495,Stephi,Fletcher,sfletcherdq@amazon.com,Female,163.25.28.242
496,Adriena,Torbard,atorbarddr@netlog.com,Female,111.155.93.24
497,Steve,Cahani,scahanids@miibeian.gov.cn,Male,187.135.1.139
498,Conni,Wethered,cwethereddt@pen.io,Female,53.103.254.12
499,Salvidor,Daily,sdailydu@stanford.edu,Male,152.82.255.99
500,Venita,Shortt,vshorttdv@chron.com,Female,209.102.146.251
501,Klement,Staddom,kstaddomdw@cafepress.com,Male,108.145.92.27
502,Kandy,Kettlestringe,kkettlestringedx@discovery.com,Female,221.140.178.205
503,Elle,MacKerley,emackerleydy@aboutads.info,Female,140.101.86.194
504,Wileen,Trewhella,wtrewhelladz@sitemeter.com,Female,24.58.94.208
505,Cami,Meehan,cmeehane0@bandcamp.com,Female,51.218.146.37
506,Jed,Crat,jcrate1@ucoz.com,Male,57.105.7.214
507,Adriana,Doswell,adoswelle2@bravesites.com,Female,31.133.107.89
508,Jeralee,Hurburt,jhurburte3@youtu.be,Female,126.166.120.241
509,Osbourne,Ducastel,oducastele4@youku.com,Male,44.157.74.138
510,Kendrick,Blinerman,kblinermane5@csmonitor.com,Male,171.153.132.139
511,Dulcine,Surpliss,dsurplisse6@addtoany.com,Female,31.152.184.73
512,Beilul,Meakin,bmeakine7@ow.ly,Female,18.178.225.208
513,Wallas,Shropshire,wshropshiree8@utexas.edu,Male,72.174.44.9
514,Theodore,Scarsbrook,tscarsbrooke9@virginia.edu,Male,193.247.218.165
515,Chantal,Zanneli,czanneliea@illinois.edu,Female,145.135.101.181
516,Anabal,Skingle,askingleeb@house.gov,Female,37.230.149.76
517,Jeno,Cubin,jcubinec@google.it,Male,151.136.187.17
518,Benedick,Hourigan,bhouriganed@1688.com,Male,51.229.54.52
519,Roanne,Caplin,rcaplinee@fotki.com,Female,89.198.181.124
520,Dulce,Stoffersen,dstoffersenef@sbwire.com,Female,4.75.240.121
521,Cos,Mibourne,cmibourneeg@patch.com,Male,86.64.4.101
522,Suzi,Mocker,smockereh@goo.ne.jp,Female,210.213.77.124
523,Alina,Worman,awormanei@networksolutions.com,Female,80.218.43.139
524,Abdul,Gleed,agleedej@epa.gov,Male,198.207.30.185
525,Neal,Huygen,nhuygenek@yahoo.co.jp,Male,139.233.23.8
526,Olympe,Hallawell,ohallawellel@google.de,Female,0.146.97.103
527,Kiley,MacDermand,kmacdermandem@cafepress.com,Female,142.237.90.152
528,Ross,Blase,rblaseen@seesaa.net,Male,238.96.206.111
529,Berny,Bulstrode,bbulstrodeeo@tumblr.com,Male,155.117.194.196
530,Thebault,O' Borne,toborneep@artisteer.com,Male,78.56.235.53
531,Jodi,Coan,jcoaneq@fda.gov,Female,164.28.63.171
532,Candy,Thornton,cthorntoner@answers.com,Female,174.113.240.110
533,Osmund,Hellin,ohellines@vinaora.com,Male,42.137.246.178
534,Leanora,Trevan,ltrevanet@shinystat.com,Female,140.76.14.81
535,Elsey,Kearley,ekearleyeu@desdev.cn,Female,226.49.35.210
536,Adara,Duffrie,aduffrieev@github.io,Female,216.228.86.68
537,Clement,Verbrugge,cverbruggeew@ucoz.com,Male,223.189.136.73
538,Malorie,Huckerbe,mhuckerbeex@parallels.com,Female,103.168.134.128
539,Raimund,Tuddall,rtuddalley@epa.gov,Male,124.189.101.193
540,Trey,Padly,tpadlyez@dailymail.co.uk,Male,139.125.204.212
541,Sherwood,Schuh,sschuhf0@livejournal.com,Male,87.227.43.241
542,Craig,Poulden,cpouldenf1@jiathis.com,Male,173.42.250.41
543,Ronald,Wedderburn,rwedderburnf2@cornell.edu,Male,94.114.128.221
544,Bette,Prin,bprinf3@unc.edu,Female,165.198.172.198
545,Morse,Scala,mscalaf4@fc2.com,Male,190.16.95.175
546,Denney,Tonks,dtonksf5@domainmarket.com,Male,44.201.3.54
547,Ursuline,Deeks,udeeksf6@xrea.com,Female,50.159.171.175
548,Tommy,Lefridge,tlefridgef7@usgs.gov,Male,162.147.85.248
549,Olenolin,Klasing,oklasingf8@amazonaws.com,Male,69.35.216.111
550,Daniele,Wattins,dwattinsf9@hexun.com,Female,225.94.16.1
551,Ophelie,Svanini,osvaninifa@trellian.com,Female,119.54.4.95
552,Palmer,Halms,phalmsfb@mail.ru,Male,146.178.158.170
553,Ameline,Couser,acouserfc@mtv.com,Female,213.34.63.94
554,Chelsie,Oddy,coddyfd@cocolog-nifty.com,Female,248.82.131.27
555,Harlie,Goosey,hgooseyfe@noaa.gov,Female,254.223.253.130
556,Candida,Ault,caultff@aboutads.info,Female,94.132.177.177
557,Spencer,Cantrell,scantrellfg@answers.com,Male,200.159.32.169
558,Wildon,Davidsohn,wdavidsohnfh@cbsnews.com,Male,12.202.145.32
559,Erda,Mortell,emortellfi@e-recht24.de,Female,79.159.76.167
560,Francois,Shillaker,fshillakerfj@intel.com,Male,211.236.41.249
561,Jakob,Blitz,jblitzfk@diigo.com,Male,178.54.175.14
562,Tricia,Aiken,taikenfl@ovh.net,Female,94.62.104.38
563,Illa,Goodier,igoodierfm@yellowbook.com,Female,43.163.235.10
564,Trey,Hatcher,thatcherfn@nih.gov,Male,237.212.107.199
565,Karol,Siveter,ksiveterfo@umn.edu,Female,252.66.145.27
566,Gearard,Knibb,gknibbfp@addtoany.com,Male,35.84.246.5
567,Ingram,Milliere,imillierefq@mysql.com,Male,135.154.65.253
568,Mohandis,Hardin,mhardinfr@sciencedirect.com,Male,43.159.153.248
569,Arabele,Landeaux,alandeauxfs@myspace.com,Female,75.173.119.133
570,Wendeline,O'Scanlon,woscanlonft@google.ru,Female,206.70.150.203
571,Phip,Mohan,pmohanfu@1688.com,Male,94.181.213.134
572,Ernestine,Pencott,epencottfv@reverbnation.com,Female,223.187.0.253
573,Tani,Hughf,thughffw@joomla.org,Female,179.98.101.91
574,Jonah,Taber,jtaberfx@marketwatch.com,Male,42.219.172.114
575,Amargo,Robshaw,arobshawfy@newsvine.com,Female,48.126.95.150
576,Thorn,Ventris,tventrisfz@pcworld.com,Male,153.230.77.82
577,Linc,Edling,ledlingg0@goodreads.com,Male,126.147.32.133
578,Dannie,Scarr,dscarrg1@hao123.com,Male,106.244.167.100
579,Noemi,Hartin,nharting2@nymag.com,Female,36.94.185.63
580,Paulette,Braund,pbraundg3@123-reg.co.uk,Female,232.119.50.138
581,Cchaddie,Duggen,cduggeng4@bravesites.com,Male,249.93.65.65
582,Myrvyn,Hullah,mhullahg5@slashdot.org,Male,253.77.42.63
583,Gualterio,Bovey,gboveyg6@earthlink.net,Male,107.115.193.28
584,Thayne,Guille,tguilleg7@forbes.com,Male,126.208.134.255
585,Loralee,Stonham,lstonhamg8@businessweek.com,Female,197.146.175.0
586,Yanaton,Botterill,ybotterillg9@boston.com,Male,193.240.154.183
587,Rodger,Kobke,rkobkega@xinhuanet.com,Male,233.178.154.134
588,Jim,Lassell,jlassellgb@amazon.com,Male,8.249.205.122
589,Loleta,Charters,lchartersgc@free.fr,Female,176.8.146.240
590,Dorey,Nortcliffe,dnortcliffegd@dell.com,Female,148.5.162.161
591,Felicia,Farrier,ffarrierge@macromedia.com,Female,197.26.87.35
592,Margarette,Crow,mcrowgf@linkedin.com,Female,40.57.38.27
593,Aprilette,Bentame,abentamegg@slashdot.org,Female,103.55.244.144
594,Almire,Manes,amanesgh@hao123.com,Female,159.72.188.63
595,Rolfe,Hagland,rhaglandgi@usgs.gov,Male,22.233.181.112
596,Ronda,Dayment,rdaymentgj@buzzfeed.com,Female,54.231.179.138
597,Ninnette,Jarrelt,njarreltgk@omniture.com,Female,56.154.226.195
598,Silvano,Domenc,sdomencgl@bluehost.com,Male,18.229.204.55
599,Honor,Lezemere,hlezemeregm@umich.edu,Female,69.26.53.132
600,Tracie,Pettipher,tpettiphergn@netlog.com,Male,237.115.146.151
601,Jodie,Boulde,jbouldego@hugedomains.com,Male,43.44.166.137
602,Blanch,Skea,bskeagp@lycos.com,Female,190.25.26.102
603,Gerik,Relf,grelfgq@histats.com,Male,146.194.248.232
604,Leta,Jovanovic,ljovanovicgr@mit.edu,Female,165.100.176.101
605,Lebbie,Ridwood,lridwoodgs@a8.net,Female,81.117.210.76
606,Annice,Asty,aastygt@techcrunch.com,Female,236.122.28.108
607,Prudy,Glentz,pglentzgu@pbs.org,Female,117.129.253.178
608,Ephraim,Halwood,ehalwoodgv@domainmarket.com,Male,7.124.95.213
609,Larissa,Sinson,lsinsongw@virginia.edu,Female,30.204.190.22
610,Lincoln,Lydall,llydallgx@webs.com,Male,24.179.255.7
611,Dolph,Cassar,dcassargy@goo.gl,Male,163.162.184.176
612,Freddy,Bushill,fbushillgz@youku.com,Male,159.133.173.189
613,Kristoffer,Sorrell,ksorrellh0@prweb.com,Male,162.68.190.179
614,Kin,Rosewall,krosewallh1@flickr.com,Male,127.141.209.47
615,Norene,Burwell,nburwellh2@canalblog.com,Female,215.220.50.248
616,Tessy,Ducarne,tducarneh3@eventbrite.com,Female,120.207.109.221
617,Ysabel,Bloss,yblossh4@fotki.com,Female,244.60.117.179
618,Darya,Urvoy,durvoyh5@sciencedirect.com,Female,226.77.190.179
619,Sandra,Soutar,ssoutarh6@homestead.com,Female,157.70.64.30
620,Blinnie,Alu,baluh7@alibaba.com,Female,195.108.197.22
621,Dickie,Mathes,dmathesh8@wiley.com,Male,41.109.111.118
622,Annora,Brehat,abrehath9@redcross.org,Female,2.204.85.221
623,Homer,Mordue,hmordueha@google.it,Male,168.227.211.41
624,Keelia,McCrackem,kmccrackemhb@google.es,Female,110.165.3.135
625,Ephrayim,Cabrara,ecabrarahc@geocities.com,Male,169.144.86.177
626,Tobit,Cheverton,tchevertonhd@latimes.com,Male,113.108.159.192
627,Winthrop,Roles,wroleshe@go.com,Male,130.143.160.75
628,Tabor,Croce,tcrocehf@army.mil,Male,177.171.206.137
629,Melantha,Lethebridge,mlethebridgehg@exblog.jp,Female,120.94.84.59
630,Carlyle,Tapply,ctapplyhh@gov.uk,Male,104.176.233.71
631,Bryn,Hobbing,bhobbinghi@goo.ne.jp,Female,212.131.247.84
632,Leticia,Fleischmann,lfleischmannhj@buzzfeed.com,Female,189.142.215.175
633,Agata,Gammade,agammadehk@wunderground.com,Female,86.191.69.88
634,Belia,Dimond,bdimondhl@blog.com,Female,221.171.91.182
635,Madlen,Ruggen,mruggenhm@moonfruit.com,Female,204.136.123.71
636,Shoshanna,Catcheside,scatchesidehn@jimdo.com,Female,28.84.162.249
637,Alberta,Asling,aaslingho@constantcontact.com,Female,98.71.143.37
638,Brittney,Beachem,bbeachemhp@amazon.co.jp,Female,120.78.162.109
639,Rica,Rzehor,rrzehorhq@netscape.com,Female,194.45.174.236
640,Ibrahim,Threader,ithreaderhr@taobao.com,Male,123.23.241.169
641,Saunder,Toke,stokehs@sciencedirect.com,Male,57.227.253.115
642,Edlin,Hane,ehaneht@1und1.de,Male,127.86.52.10
643,Rafaelia,Gerckens,rgerckenshu@yellowpages.com,Female,207.96.179.67
644,Livvyy,Fellis,lfellishv@umn.edu,Female,93.226.247.98
645,Anette,Dredge,adredgehw@bigcartel.com,Female,67.206.247.249
646,Haleigh,Tuckwell,htuckwellhx@usnews.com,Female,183.206.242.81
647,Fayette,Lilywhite,flilywhitehy@kickstarter.com,Female,65.1.120.105
648,Rhetta,Turner,rturnerhz@home.pl,Female,197.173.62.42
649,Frants,Peeke-Vout,fpeekevouti0@yolasite.com,Male,104.236.87.138
650,Monika,Tabbernor,mtabbernori1@phoca.cz,Female,158.70.237.29
651,Blane,Mugleston,bmuglestoni2@tamu.edu,Male,127.122.1.71
652,Casie,Feaster,cfeasteri3@behance.net,Female,116.62.231.179
653,Care,Malsher,cmalsheri4@blogtalkradio.com,Male,239.52.200.1
654,Leighton,Alban,lalbani5@cargocollective.com,Male,145.16.63.176
655,Paulette,MacIllrick,pmacillricki6@weather.com,Female,231.142.116.234
656,Honoria,Frodsham,hfrodshami7@cbsnews.com,Female,157.73.91.188
657,Brande,Leeds,bleedsi8@slideshare.net,Female,83.28.178.125
658,Alix,Sharpous,asharpousi9@engadget.com,Female,116.53.232.80
659,Rebeka,Napthine,rnapthineia@github.com,Female,117.158.88.140
660,Moses,Malyj,mmalyjib@bloomberg.com,Male,151.206.92.212
661,Glynda,Jandac,gjandacic@typepad.com,Female,85.141.158.70
662,Clay,Jacombs,cjacombsid@chronoengine.com,Male,7.94.74.169
663,Lezley,Shayes,lshayesie@qq.com,Male,160.88.201.4
664,Kennett,Crasswell,kcrasswellif@icio.us,Male,87.96.83.210
665,Linda,Matyushonok,lmatyushonokig@arstechnica.com,Female,51.59.193.185
666,Bianka,Lavers,blaversih@cnet.com,Female,30.53.194.231
667,Trudi,Ruffell,truffellii@chicagotribune.com,Female,233.201.202.152
668,Darby,Alleyne,dalleyneij@canalblog.com,Female,55.227.146.207
669,Briant,Hallbord,bhallbordik@theguardian.com,Male,255.176.153.213
670,Anastassia,Audibert,aaudibertil@icq.com,Female,236.80.84.222
671,Frazer,Pulteneye,fpulteneyeim@usda.gov,Male,83.79.20.205
672,Errick,Mealham,emealhamin@acquirethisname.com,Male,157.127.193.42
673,Keenan,Syrad,ksyradio@blogspot.com,Male,188.202.234.90
674,Carry,Escalante,cescalanteip@booking.com,Female,184.113.133.57
675,Denice,Glassborow,dglassborowiq@reverbnation.com,Female,30.198.107.210
676,Winifield,Siney,wsineyir@slideshare.net,Male,24.208.105.0
677,Ellissa,Cragg,ecraggis@dmoz.org,Female,187.35.181.80
678,Reinhard,Buxam,rbuxamit@aol.com,Male,37.231.240.169
679,Isadora,Govern,igoverniu@pen.io,Female,207.198.207.41
680,Gaylord,Ciric,gciriciv@prlog.org,Male,148.135.226.39
681,Loretta,Mundy,lmundyiw@amazon.de,Female,166.41.42.65
682,Tommie,Wrenn,twrennix@prweb.com,Male,132.9.108.224
683,Noe,Charpling,ncharplingiy@exblog.jp,Male,28.2.172.105
684,Georgette,McTavy,gmctavyiz@ocn.ne.jp,Female,137.65.118.88
685,Rooney,Durdan,rdurdanj0@wordpress.org,Male,34.192.196.77
686,Stephannie,Taill,staillj1@163.com,Female,197.243.63.105
687,Moyra,Dyzart,mdyzartj2@redcross.org,Female,172.125.179.251
688,Madlin,Smalls,msmallsj3@xrea.com,Female,212.44.197.186
689,Nicole,Benfield,nbenfieldj4@flickr.com,Female,52.154.37.107
690,Sauveur,Abels,sabelsj5@imdb.com,Male,181.3.16.28
691,Silvano,Petrak,spetrakj6@myspace.com,Male,190.127.83.71
692,Rogers,Casely,rcaselyj7@deviantart.com,Male,204.67.203.82
693,Helsa,Mendonca,hmendoncaj8@vistaprint.com,Female,115.49.142.79
694,Elinore,Heyworth,eheyworthj9@nba.com,Female,219.91.7.237
695,Benton,Youtead,byouteadja@vinaora.com,Male,89.244.162.212
696,Kristien,Lowrance,klowrancejb@hostgator.com,Female,78.213.138.0
697,Danna,Bleaden,dbleadenjc@opensource.org,Female,230.88.99.124
698,Abbie,Wragge,awraggejd@nps.gov,Female,94.107.224.211
699,Brianne,Dryden,bdrydenje@psu.edu,Female,52.38.157.208
700,Mirilla,Laterza,mlaterzajf@princeton.edu,Female,232.119.166.71
701,Marlowe,Tappington,mtappingtonjg@furl.net,Male,27.112.71.233
702,Sheena,Rubes,srubesjh@virginia.edu,Female,138.226.139.75
703,Wiley,Lie,wlieji@storify.com,Male,208.43.99.174
704,Jackson,Machon,jmachonjj@economist.com,Male,173.29.19.124
705,Carly,Ruprich,cruprichjk@joomla.org,Male,0.34.109.186
706,Xymenes,MacKimm,xmackimmjl@intel.com,Male,16.236.210.184
707,Olympia,Rudsdale,orudsdalejm@wisc.edu,Female,200.174.113.232
708,Ki,Dowson,kdowsonjn@va.gov,Female,150.165.239.42
709,Inness,Bertwistle,ibertwistlejo@umich.edu,Male,190.216.226.37
710,Lisette,Deverick,ldeverickjp@wsj.com,Female,18.102.204.172
711,Arabella,Butfield,abutfieldjq@washington.edu,Female,181.37.154.176
712,Skelly,Coard,scoardjr@prlog.org,Male,252.219.246.42
713,Allissa,Hacquard,ahacquardjs@irs.gov,Female,112.181.219.109
714,Emlynn,Eastmond,eeastmondjt@uiuc.edu,Female,61.84.167.190
715,Carlynne,Isaacson,cisaacsonju@miibeian.gov.cn,Female,205.73.197.185
716,Florina,Louch,flouchjv@google.pl,Female,60.236.14.114
717,Minny,Mithun,mmithunjw@smugmug.com,Female,119.146.225.250
718,Elna,Snowsill,esnowsilljx@pbs.org,Female,238.108.36.6
719,Dianna,MacPharlain,dmacpharlainjy@shutterfly.com,Female,213.208.220.61
720,Thomas,Braithwaite,tbraithwaitejz@pen.io,Male,159.180.110.63
721,Johannes,Gateman,jgatemank0@statcounter.com,Male,228.122.207.245
722,Max,Kinnerk,mkinnerkk1@stumbleupon.com,Female,223.39.4.66
723,Lucais,Lauritsen,llauritsenk2@parallels.com,Male,42.147.76.9
724,Roley,Caldicot,rcaldicotk3@smh.com.au,Male,171.98.253.4
725,Anya,Andrelli,aandrellik4@woothemes.com,Female,86.125.35.56
726,Delbert,Diglin,ddiglink5@wsj.com,Male,14.33.197.69
727,Bail,Brimner,bbrimnerk6@blogspot.com,Male,9.229.219.95
728,Sigismondo,Ludwig,sludwigk7@4shared.com,Male,44.38.22.249
729,Parsifal,Stephenson,pstephensonk8@pbs.org,Male,45.169.21.14
730,Mirna,Sinderland,msinderlandk9@histats.com,Female,219.139.242.239
731,Ambrosius,Curragh,acurraghka@squidoo.com,Male,210.39.6.73
732,Archer,Quaife,aquaifekb@opensource.org,Male,212.219.7.215
733,Zedekiah,Pavlov,zpavlovkc@reuters.com,Male,153.235.120.70
734,Derick,Werrilow,dwerrilowkd@nytimes.com,Male,49.235.39.3
735,Judah,Ketley,jketleyke@mozilla.com,Male,196.98.75.49
736,Jillayne,Steffans,jsteffanskf@oaic.gov.au,Female,90.203.43.224
737,Jeannine,Gillingham,jgillinghamkg@slideshare.net,Female,227.99.0.131
738,Stuart,O'Reagan,soreagankh@wunderground.com,Male,220.64.68.83
739,Garreth,Rose,groseki@mapy.cz,Male,13.71.162.232
740,Edee,Folliss,efollisskj@stumbleupon.com,Female,98.242.251.0
741,Melvyn,Quibell,mquibellkk@cbslocal.com,Male,40.138.34.1
742,Felizio,Gillhespy,fgillhespykl@yelp.com,Male,69.239.161.144
743,Rollins,McReath,rmcreathkm@imdb.com,Male,68.221.95.215
744,Adrienne,Vallow,avallowkn@vinaora.com,Female,217.70.168.101
745,Justino,Cockell,jcockellko@wikipedia.org,Male,175.48.178.225
746,Dahlia,Corde,dcordekp@amazonaws.com,Female,83.136.156.214
747,Golda,Marquis,gmarquiskq@ft.com,Female,107.234.164.115
748,Arni,Gudge,agudgekr@eventbrite.com,Male,210.186.171.112
749,Wiley,Tallis,wtallisks@scribd.com,Male,234.136.118.165
750,Roselle,Bunclark,rbunclarkkt@usa.gov,Female,146.244.9.98
751,Tonye,Vickers,tvickersku@nsw.gov.au,Female,65.130.220.102
752,Kimberlee,Starsmore,kstarsmorekv@blinklist.com,Female,156.139.38.54
753,Melanie,Choules,mchouleskw@issuu.com,Female,241.209.114.185
754,Natalie,Vaudin,nvaudinkx@flickr.com,Female,140.183.98.8
755,Giovanna,Christofle,gchristofleky@squidoo.com,Female,210.219.99.153
756,Merle,Checketts,mcheckettskz@bigcartel.com,Male,149.145.66.37
757,Noak,Sellick,nsellickl0@answers.com,Male,118.107.141.199
758,Ludvig,Norledge,lnorledgel1@geocities.com,Male,121.11.174.205
759,Tamarra,Wand,twandl2@google.de,Female,163.113.41.255
760,Sasha,Endicott,sendicottl3@usgs.gov,Female,15.68.44.239
761,Waldon,Hollingshead,whollingsheadl4@ocn.ne.jp,Male,245.194.109.248
762,Valentin,Catenot,vcatenotl5@etsy.com,Male,132.181.68.145
763,Allen,Aireton,aairetonl6@aboutads.info,Male,146.115.18.224
764,Carolan,Woollacott,cwoollacottl7@histats.com,Female,234.9.114.6
765,Noe,Gerrish,ngerrishl8@instagram.com,Male,65.141.21.233
766,Salem,Paireman,spairemanl9@alibaba.com,Male,183.160.204.4
767,Katleen,Inston,kinstonla@privacy.gov.au,Female,109.198.99.148
768,Judd,Blandford,jblandfordlb@sbwire.com,Male,18.68.128.225
769,Guss,Ervine,gervinelc@shinystat.com,Male,165.180.175.35
770,Giuditta,Raylton,grayltonld@dyndns.org,Female,119.252.62.162
771,Melany,Gianninotti,mgianninottile@freewebs.com,Female,136.33.91.155
772,Anson,Grigoryov,agrigoryovlf@amazon.com,Male,47.63.87.132
773,Ivar,Flemyng,iflemynglg@nytimes.com,Male,143.76.83.137
774,Lotti,Motherwell,lmotherwelllh@accuweather.com,Female,246.160.64.49
775,Dion,Duggen,dduggenli@springer.com,Female,221.113.95.244
776,Raff,Gossling,rgosslinglj@tmall.com,Male,80.142.109.88
777,Lianne,Parnall,lparnalllk@vk.com,Female,216.177.11.57
778,Corena,Chelam,cchelamll@dion.ne.jp,Female,121.237.133.220
779,Vanni,Baversor,vbaversorlm@tiny.cc,Female,107.12.87.174
780,Erminie,Whalley,ewhalleyln@webnode.com,Female,197.23.196.92
781,Redd,Fearne,rfearnelo@storify.com,Male,205.3.252.168
782,Robert,Bickerstaffe,rbickerstaffelp@moonfruit.com,Male,35.184.158.72
783,Valentijn,Enders,venderslq@nyu.edu,Male,57.99.176.133
784,Wolfgang,Domican,wdomicanlr@bluehost.com,Male,236.153.141.94
785,Lonny,Vasyaev,lvasyaevls@csmonitor.com,Male,36.196.224.7
786,Fayina,Cornell,fcornelllt@hhs.gov,Female,49.133.14.78
787,Alysa,Cadle,acadlelu@mtv.com,Female,203.109.242.148
788,Trevar,Di Franceshci,tdifranceshcilv@canalblog.com,Male,145.123.202.155
789,Blayne,Blaszczynski,bblaszczynskilw@globo.com,Male,86.22.119.89
790,Evey,Giorgietto,egiorgiettolx@cyberchimps.com,Female,228.174.214.19
791,Laurel,Duetsche,lduetschely@fotki.com,Female,11.240.102.37
792,Ashlen,Glanfield,aglanfieldlz@webnode.com,Female,235.32.205.185
793,Drake,Meese,dmeesem0@mediafire.com,Male,113.79.1.176
794,Derby,Wegener,dwegenerm1@berkeley.edu,Male,38.21.246.9
795,Odey,Stokell,ostokellm2@123-reg.co.uk,Male,33.39.19.140
796,Roselin,Duny,rdunym3@nhs.uk,Female,232.239.188.204
797,Scarface,Lax,slaxm4@storify.com,Male,223.103.123.4
798,Lionel,Ancell,lancellm5@fda.gov,Male,180.56.62.13
799,Virgilio,Batts,vbattsm6@whitehouse.gov,Male,31.183.114.248
800,Shalna,Kitcatt,skitcattm7@examiner.com,Female,122.76.209.2
801,Garvin,Luckham,gluckhamm8@weather.com,Male,241.66.29.197
802,Jennine,Chalker,jchalkerm9@example.com,Female,215.99.57.44
803,Emmi,Spurway,espurwayma@yellowpages.com,Female,34.166.101.49
804,Etta,Cathie,ecathiemb@mediafire.com,Female,12.18.184.158
805,Andras,Lardeur,alardeurmc@nhs.uk,Male,37.53.108.230
806,Sabine,Consterdine,sconsterdinemd@illinois.edu,Female,26.247.35.178
807,Rochester,Hailey,rhaileyme@ftc.gov,Male,48.67.148.1
808,Vasili,Bredgeland,vbredgelandmf@redcross.org,Male,69.34.9.241
809,Eldredge,Salvidge,esalvidgemg@stumbleupon.com,Male,239.110.147.195
810,Rachelle,Beteriss,rbeterissmh@utexas.edu,Female,194.106.140.245
811,Gawen,Wesker,gweskermi@earthlink.net,Male,255.111.88.26
812,Thorin,Sunter,tsuntermj@woothemes.com,Male,171.239.77.130
813,Cyril,Kryzhov,ckryzhovmk@yahoo.co.jp,Male,135.133.1.232
814,Rene,Batistelli,rbatistelliml@scribd.com,Female,40.73.245.192
815,Wyndham,Outright,woutrightmm@youtu.be,Male,112.190.245.189
816,Dael,Braine,dbrainemn@home.pl,Male,230.72.11.68
817,Barbi,Maidens,bmaidensmo@list-manage.com,Female,26.59.137.161
818,Winny,Warrender,wwarrendermp@nbcnews.com,Female,163.184.42.49
819,Kaylyn,Calder,kcaldermq@redcross.org,Female,11.105.171.177
820,Janeta,Ortas,jortasmr@wikipedia.org,Female,109.203.122.172
821,Levi,Agius,lagiusms@purevolume.com,Male,0.237.30.160
822,Correy,Benedek,cbenedekmt@tripadvisor.com,Female,32.133.29.244
823,Hazlett,McGeechan,hmcgeechanmu@pen.io,Male,223.113.116.95
824,Xylia,Jancik,xjancikmv@omniture.com,Female,118.160.84.246
825,Sim,Gingles,sginglesmw@netvibes.com,Male,103.60.69.93
826,Sheppard,Deal,sdealmx@tripadvisor.com,Male,159.214.231.11
827,Nadia,Gehring,ngehringmy@xinhuanet.com,Female,74.123.101.144
828,Earlie,Howood,ehowoodmz@npr.org,Male,179.140.73.114
829,Joey,Reeds,jreedsn0@cdc.gov,Male,218.10.219.210
830,Shell,Allison,sallisonn1@msn.com,Male,185.37.184.162
831,Vick,Likly,vliklyn2@whitehouse.gov,Male,108.120.238.127
832,Chan,Bathow,cbathown3@wp.com,Male,176.182.254.44
833,Jackquelin,Applegarth,japplegarthn4@ovh.net,Female,201.179.215.51
834,Manya,Pickersgill,mpickersgilln5@blogspot.com,Female,120.251.20.133
835,Alisa,Bapty,abaptyn6@princeton.edu,Female,65.79.170.194
836,Hadleigh,Vanacci,hvanaccin7@i2i.jp,Male,19.120.84.166
837,Werner,Spray,wsprayn8@sina.com.cn,Male,17.149.44.155
838,Chryste,Renol,crenoln9@vinaora.com,Female,159.198.75.160
839,Dorrie,Pykett,dpykettna@cnn.com,Female,69.54.127.103
840,Findlay,Obal,fobalnb@mozilla.org,Male,59.179.247.185
841,Elmer,Purry,epurrync@ucoz.com,Male,82.180.197.68
842,Ado,Shubotham,ashubothamnd@constantcontact.com,Male,157.242.53.114
843,Ingram,Powers,ipowersne@ox.ac.uk,Male,56.88.55.47
844,Andeee,Bater,abaternf@elpais.com,Female,127.51.244.83
845,Tabbi,Meneer,tmeneerng@apache.org,Female,142.255.49.156
846,Dillon,McNab,dmcnabnh@amazon.co.jp,Male,16.140.183.17
847,Quintina,Petters,qpettersni@plala.or.jp,Female,58.246.57.71
848,Daniella,Gowland,dgowlandnj@chron.com,Female,137.233.89.15
849,Candi,Maulden,cmauldennk@wiley.com,Female,153.127.6.126
850,George,Kasting,gkastingnl@fema.gov,Female,65.84.35.191
851,Gran,Pagett,gpagettnm@newsvine.com,Male,95.225.2.168
852,Amandie,Splevins,asplevinsnn@biblegateway.com,Female,122.77.78.225
853,Sax,Mennell,smennellno@marketwatch.com,Male,34.34.228.196
854,Jeramie,Capner,jcapnernp@time.com,Male,174.206.182.223
855,Sharona,Diben,sdibennq@upenn.edu,Female,58.192.127.162
856,Gerrie,Huot,ghuotnr@diigo.com,Female,118.8.10.190
857,Helsa,Tolossi,htolossins@weather.com,Female,189.184.230.28
858,Roland,Nelles,rnellesnt@live.com,Male,180.237.177.63
859,Atlanta,Giacobo,agiacobonu@nationalgeographic.com,Female,242.77.37.30
860,Roanne,Gottschalk,rgottschalknv@irs.gov,Female,72.238.234.85
861,Orran,Walkington,owalkingtonnw@earthlink.net,Male,237.20.24.61
862,Bruis,Phillps,bphillpsnx@nationalgeographic.com,Male,96.20.137.181
863,Chrisse,Jacob,cjacobny@sakura.ne.jp,Male,63.198.191.55
864,Elinore,Pincott,epincottnz@icio.us,Female,203.82.69.252
865,Abbe,Ohlsen,aohlseno0@yolasite.com,Female,215.107.216.107
866,Rosalind,Nears,rnearso1@sfgate.com,Female,10.234.229.125
867,Langston,Coggins,lcogginso2@cdbaby.com,Male,61.209.148.102
868,Filmer,Blasetti,fblasettio3@ezinearticles.com,Male,221.141.119.19
869,Kasey,Djokovic,kdjokovico4@macromedia.com,Female,33.63.22.111
870,Eb,Klausen,eklauseno5@netvibes.com,Male,64.78.102.46
871,Marv,Povey,mpoveyo6@artisteer.com,Male,8.62.3.80
872,Ewell,Benes,ebeneso7@last.fm,Male,126.255.243.199
873,Baudoin,Squirrell,bsquirrello8@webs.com,Male,202.189.228.168
874,Tyrone,MacMaster,tmacmastero9@hc360.com,Male,97.73.79.205
875,Romola,Larret,rlarretoa@acquirethisname.com,Female,230.79.231.152
876,Yehudi,Bambrugh,ybambrughob@desdev.cn,Male,112.223.99.22
877,Alina,Swithenby,aswithenbyoc@shutterfly.com,Female,121.234.20.11
878,Ellen,Hawtry,ehawtryod@cnet.com,Female,78.177.128.1
879,Maren,Cuzen,mcuzenoe@facebook.com,Female,155.86.42.162
880,Melba,Leavey,mleaveyof@sakura.ne.jp,Female,184.135.202.185
881,Rebekkah,Goaley,rgoaleyog@blog.com,Female,53.241.61.91
882,Kriste,Todd,ktoddoh@auda.org.au,Female,66.138.246.27
883,Tracey,Hartropp,thartroppoi@jalbum.net,Male,125.212.178.104
884,Betsy,Ainscow,bainscowoj@cnbc.com,Female,161.96.217.225
885,Donny,Blazej,dblazejok@umich.edu,Male,38.145.208.162
886,Pippy,Giabuzzi,pgiabuzziol@g.co,Female,105.24.212.145
887,Myca,Scrowston,mscrowstonom@wufoo.com,Male,64.203.10.120
888,Dorthy,Otley,dotleyon@quantcast.com,Female,144.184.124.235
889,Noam,Copeland,ncopelandoo@cdbaby.com,Male,68.240.125.93
890,Nikola,Fozard,nfozardop@constantcontact.com,Male,130.115.241.84
891,Bailie,Meighan,bmeighanoq@taobao.com,Male,180.94.98.17
892,Wilmar,Izhakov,wizhakovor@yellowbook.com,Male,232.105.116.253
893,Farlay,Gramer,fgrameros@1und1.de,Male,162.111.214.98
894,Fletcher,Bifield,fbifieldot@mac.com,Male,177.182.81.228
895,Maxy,Stango,mstangoou@stumbleupon.com,Female,60.78.61.1
896,Nevsa,Pollicott,npollicottov@va.gov,Female,41.236.72.76
897,Marj,Cotmore,mcotmoreow@google.com.au,Female,118.202.113.137
898,Gardener,Maxted,gmaxtedox@nps.gov,Male,122.59.67.109
899,Goldie,Peres,gperesoy@slashdot.org,Female,85.134.19.99
900,Waiter,Underwood,wunderwoodoz@ihg.com,Male,237.17.204.220
901,Lynette,Jurgenson,ljurgensonp0@google.de,Female,199.61.174.152
902,Ursuline,Pole,upolep1@cornell.edu,Female,142.140.28.165
903,Annabelle,O' Bee,aobeep2@last.fm,Female,106.97.176.122
904,Gertrudis,Louca,gloucap3@istockphoto.com,Female,87.121.179.61
905,Angy,Coolbear,acoolbearp4@sakura.ne.jp,Female,251.207.216.220
906,Angelita,Manifould,amanifouldp5@moonfruit.com,Female,58.220.103.234
907,Essie,Iban,eibanp6@gov.uk,Female,223.82.76.41
908,Tamma,Disbrow,tdisbrowp7@thetimes.co.uk,Female,21.220.99.96
909,Westleigh,Chipping,wchippingp8@diigo.com,Male,238.180.89.183
910,Benetta,Atwood,batwoodp9@163.com,Female,219.194.122.28
911,Latrena,Attenborrow,lattenborrowpa@cloudflare.com,Female,217.154.241.232
912,Burtie,Mycock,bmycockpb@pcworld.com,Male,199.249.28.223
913,Remington,Bolton,rboltonpc@homestead.com,Male,126.236.50.141
914,Salvador,Gleave,sgleavepd@dailymail.co.uk,Male,210.142.98.175
915,Marian,Marcoolyn,mmarcoolynpe@dot.gov,Female,207.158.235.204
916,Letitia,Thomsen,lthomsenpf@smh.com.au,Female,247.71.119.239
917,Johnathan,Fleote,jfleotepg@cocolog-nifty.com,Male,48.70.135.199
918,Rikki,Forre,rforreph@jigsy.com,Female,33.170.40.197
919,Nichol,Mutton,nmuttonpi@is.gd,Female,57.176.154.72
920,Lammond,Matcham,lmatchampj@sciencedaily.com,Male,53.86.144.153
921,Cleon,Niesel,cnieselpk@state.gov,Male,125.61.141.121
922,Dre,McLaverty,dmclavertypl@topsy.com,Female,189.189.58.126
923,Keefe,Ollie,kolliepm@elpais.com,Male,214.19.195.116
924,Arden,Cardall,acardallpn@kickstarter.com,Female,79.3.25.43
925,Roderigo,Krikorian,rkrikorianpo@amazon.co.jp,Male,193.231.83.228
926,Natka,Mordecai,nmordecaipp@walmart.com,Female,180.245.172.131
927,Taylor,Clearie,tcleariepq@odnoklassniki.ru,Male,78.197.91.20
928,Floris,Albion,falbionpr@domainmarket.com,Female,127.82.154.175
929,Phil,Crookston,pcrookstonps@gravatar.com,Male,35.30.47.90
930,Joanie,Seddon,jseddonpt@jimdo.com,Female,225.182.197.154
931,Maddy,Sives,msivespu@imgur.com,Female,30.12.189.25
932,Roselia,Filipyev,rfilipyevpv@toplist.cz,Female,3.102.169.190
933,Justina,May,jmaypw@chron.com,Female,14.159.86.11
934,Bond,MacVaugh,bmacvaughpx@seattletimes.com,Male,112.97.186.194
935,Idalina,Guidera,iguiderapy@joomla.org,Female,213.29.231.53
936,Tyrus,Woodfield,twoodfieldpz@slideshare.net,Male,172.133.159.14
937,Prissie,Hannen,phannenq0@google.com.br,Female,213.135.230.186
938,Armand,Patience,apatienceq1@bravesites.com,Male,229.26.133.77
939,Koren,Pagram,kpagramq2@dailymail.co.uk,Female,142.54.226.175
940,Trumaine,Elijahu,telijahuq3@yellowpages.com,Male,89.55.44.229
941,Nicolette,Smallsman,nsmallsmanq4@theglobeandmail.com,Female,192.161.72.50
942,Ozzy,Binton,obintonq5@nba.com,Male,135.160.157.144
943,Burlie,Shovelin,bshovelinq6@vk.com,Male,237.48.45.84
944,Lorenzo,Ansley,lansleyq7@nymag.com,Male,197.51.49.130
945,Gratia,Haley,ghaleyq8@about.com,Female,249.4.95.89
946,Wald,Frill,wfrillq9@ebay.com,Male,17.23.173.54
947,Crystal,Piggen,cpiggenqa@wisc.edu,Female,107.167.245.17
948,Pattie,Boissieux,pboissieuxqb@bizjournals.com,Male,129.95.230.99
949,Tybi,Vinten,tvintenqc@yahoo.co.jp,Female,254.133.113.63
950,Agnese,Scorer,ascorerqd@bbb.org,Female,132.27.156.30
951,Carmine,Alanbrooke,calanbrookeqe@sohu.com,Male,74.82.226.70
952,Alexa,Reeves,areevesqf@cam.ac.uk,Female,155.73.30.133
953,Emmalyn,Justice,ejusticeqg@imdb.com,Female,155.18.105.171
954,Mariquilla,Goldine,mgoldineqh@reddit.com,Female,116.185.100.246
955,Paule,Dailey,pdaileyqi@princeton.edu,Female,233.218.11.201
956,Ephraim,Torrent,etorrentqj@acquirethisname.com,Male,78.64.23.10
957,Jesse,Bugby,jbugbyqk@networksolutions.com,Female,99.55.38.42
958,Rosemarie,Temprell,rtemprellql@t.co,Female,105.85.163.54
959,Fabe,Iacobassi,fiacobassiqm@phoca.cz,Male,54.132.174.3
960,Cthrine,Hawkswood,chawkswoodqn@rediff.com,Female,23.151.176.60
961,Christi,Rollin,crollinqo@sogou.com,Female,197.117.58.228
962,Robby,Lavigne,rlavigneqp@wordpress.org,Female,203.218.243.91
963,Adora,Keeton,akeetonqq@tiny.cc,Female,129.166.193.231
964,Lemmy,Galletly,lgalletlyqr@gov.uk,Male,242.77.133.139
965,Munmro,Caldero,mcalderoqs@usatoday.com,Male,250.199.169.76
966,Tawsha,Pond-Jones,tpondjonesqt@chronoengine.com,Female,120.205.107.177
967,Wilmette,Candelin,wcandelinqu@oakley.com,Female,35.100.224.176
968,Andriana,Siggers,asiggersqv@hhs.gov,Female,74.184.33.26
969,Danila,Brookshaw,dbrookshawqw@surveymonkey.com,Female,198.179.8.130
970,Josee,Iwanicki,jiwanickiqx@forbes.com,Female,77.132.83.25
971,Maud,Camilleri,mcamilleriqy@furl.net,Female,70.32.52.27
972,Sanderson,MacKonochie,smackonochieqz@lulu.com,Male,239.179.211.117
973,Tammara,Fitton,tfittonr0@google.nl,Female,20.115.4.116
974,Cosette,Greenhaugh,cgreenhaughr1@npr.org,Female,73.1.118.70
975,Felecia,Gommery,fgommeryr2@tripod.com,Female,106.207.33.13
976,Bax,Sinnat,bsinnatr3@sun.com,Male,145.54.251.129
977,Cristine,Stedall,cstedallr4@rambler.ru,Female,252.242.93.231
978,Vernen,Burren,vburrenr5@umich.edu,Male,26.183.86.109
979,Nelson,Gillespie,ngillespier6@nydailynews.com,Male,147.8.136.189
980,Francis,Glendzer,fglendzerr7@utexas.edu,Male,247.170.17.87
981,Pembroke,Karchewski,pkarchewskir8@walmart.com,Male,238.72.155.61
982,Carly,Claasen,cclaasenr9@home.pl,Female,11.196.129.71
983,Elfrida,Bicker,ebickerra@msn.com,Female,202.91.253.55
984,Chuck,Katte,ckatterb@hostgator.com,Male,202.80.228.206
985,Keely,Pratton,kprattonrc@reuters.com,Female,37.126.223.63
986,Cherianne,Toor,ctoorrd@list-manage.com,Female,240.10.150.198
987,Keefer,Scone,ksconere@cbslocal.com,Male,0.32.40.161
988,Nico,Vater,nvaterrf@slate.com,Male,119.238.103.89
989,Stu,Gallafant,sgallafantrg@nymag.com,Male,220.184.249.98
990,Sasha,Loosley,sloosleyrh@reddit.com,Male,97.24.89.67
991,Claire,Reditt,credittri@goo.gl,Female,18.26.186.64
992,Casey,Catonne,ccatonnerj@jimdo.com,Male,187.90.213.81
993,Petra,Fibbit,pfibbitrk@youtu.be,Female,228.3.78.134
994,Tim,Hacquel,thacquelrl@economist.com,Male,101.96.143.220
995,Hester,Howel,hhowelrm@abc.net.au,Female,192.46.186.13
996,Rudie,Danigel,rdanigelrn@artisteer.com,Male,139.163.232.163
997,Job,Yakubovics,jyakubovicsro@elpais.com,Male,89.20.243.1
998,Melony,Willmetts,mwillmettsrp@ca.gov,Female,25.154.127.190
999,Thomasin,Lipgens,tlipgensrq@domainmarket.com,Female,137.55.249.173
1000,Morey,McCafferty,mmccaffertyrr@fema.gov,Male,162.152.76.230
